proxy_summary,my_summary
"A bomb exploded in a dumpster in the Chelsea neighborhood of New York City on Saturday night. 29 people were injured in the explosion but all have been released from the hospital. The explosion came on the heels of an incident in Seaside Heights, New Jersey where a bomb exploded.","It’s a terrible thing that’s going on in our world, in our country and we are going to get tough and smart and vigilant.”

Unfortunately, an incident like the Chelsea explosion reminds us how vulnerable our country is particularly in venues defined as “soft targets.” Now more than ever, America needs strong leadership which is laser-focused on protecting her citizens from terrorist attacks of all genres and is not afraid of being politically incorrect."
"Donald Trump says drugs are a ""very, very big factor in what you're watching on television at night"" He continued to praise law enforcement officers, citing the challenges they face. Trump never acknowledged any pattern of violence against African-Americans at the hands of police.","He said it was the country""s job ""to make life more comfortable for the African-American parent trying to raise their kids in peace, to walk their children to school and to get their children great educations."""
"President Obama gave a speech to the United Nations on Tuesday. In it, he admitted that he thinks the United States should give up a little liberty for “safety” Obama didn’t explain how this will make the country safer, but safety relies on us bringing more Muslim refugees into the United states.","But I am convinced in the long run, giving up some freedom of action, not giving up our ability to protect ourselves or pursue our core interests, but binding ourselves to the international rules over the long-term enhances our security.”

× 101 Things All Young Adults Should Know by Sir John Hawkins John Hawkins's book 101 Things All Young Adults Should Know is filled with lessons that newly minted adults need in order to get the most out of life."
"Julian Zelizer: Donald Trump sees the world in zero-sum terms; Hillary Clinton sees it as a place where all boats rise together. He says the electorate is polarized not between winners and losers per se, but between those who view the world as a zero- sum game and those who don't. Zelizer says Clinton is right, but a lot of people are buying into Trump's vision.","Despite the view of most economists that the economy overall is not a zero-sum game—but rather a complex mechanism that, if run right, can raise everyone’s welfare at once–Trump’s message has resonated in an era when it’s become common to speak of winners and losers in the global economy."
"President Obama vetoes bill that would allow 9/11 victims to sue Saudi Arabia. White House says bill could compromise principle of ""sovereign immunity"" veto comes at end of 10-day constitutional window.","""Overriding the president's veto means that this country will start pursuing a less forceful approach in dealing with state sponsors of terrorism and potentially opens up U.S. service members and diplomats and even companies to spurious lawsuits in kangaroo courts around the world,"" White House press secretary Josh Earnest explained to reporters today."
A Black Lives Matter mob attacked a truck driver in North Carolina last night. The mob was protesting the shooting of a black man at the hands of police. 16 police officers were injured and the freeway was shut down.,🤕Try & picture Collapsing Hillary Clinton getting out of bed to deal with Chaos & Violence in N.C #KeithLamontScott pic.twitter.com/KAVPlHmWPb × 101 Things All Young Adults Should Know by Sir John Hawkins John Hawkins's book 101 Things All Young Adults Should Know is filled with lessons that newly minted adults need in order to get the most out of life.
"Hillary Clinton and Donald Trump clashed over the Trans-Pacific Partnership trade deal. Clinton and Trump exchanged barbs over ISIS, taxes, the economy and more. The candidates also sparred over immigration, taxes and the economy.","I was against it once it was finally negotiated and the terms were laid out.”

Trump then pointed to Clinton’s once referring to TPP as the “gold standard of trade deals.”

“Well, Donald, I know you live in your own reality, but that is not the facts,” Clinton said."
"Over 50 people spoke at Charlotte's first city council meeting since the cop shooting of Keith Lamont Scott. A young girl with braids and tears streaking her face brought into focus the stress police shootings place on children, as well as the pain the black community of Charlotte has suffered.","David T. Foster III/The Charlotte Observer via AP Photo

Ray Dotch, Scott's brother-in-law, Monday called for the release of the entire video of his shooting in an interview with ABC News."
"Jeb Bush will be a guest lecturer at Harvard University this fall. He'll focus on education in ""a number of multi-day visits"" this semester. Bush is a staunch advocate for charter schools, voucher programs and higher education standards.","Story highlights Bush will deliver his first lecture on Thursday

He is a staunch advocate for charter schools, voucher programs and higher education standards

(CNN) Jeb Bush will be a guest lecturer at Harvard University this fall, focusing on education in ""a number of multi-day visits"" this semester, the John F. Kennedy School of Government announced Tuesday."
"Trump campaign manager Kellyanne Conway says the GOP nominee won't lie in the debate. Clinton campaign manager Robby Mook says the campaign is asking moderator Lester Holt to fact-check Trump in real time. CNN analyst Nate Silver says the race is a ""dead heat"" ahead of Monday night's debate.","“In our history, the moderators have found it appropriate to let the candidates be the ones that talk about the accuracy or the fairness of what the other candidate or candidates might have said,” Janet Brown, the commission’s executive director, told CNN’s “Reliable Sources.”

When it comes to fact-checking, Brown warned, “I don’t think it’s a good idea to get the moderator into essentially serving as the Encyclopedia Britannica.”

For her part, Clinton won’t let Trump’s lies “go by the wayside,” press secretary Brian Fallon told CNN on Monday, insisting that Holt shouldn’t, either."
"John Avlon: Hillary Clinton's strengths can be turned into her weaknesses. He says the more she emphasizes her qualifications, the more Trump is likely to respond. Avlon says Trump can use ""political judo"" to turn an opponent's strength against her.","The Focus Is on “Moments”—But They’re Not Always The Key

Ask any political journalist to recite the history of debates, and it would go something like this:

“Nixon looked pale and drawn; Ford prematurely liberated Poland from Soviet Control; Reagan said to Carter ‘there you go again,’ then asked Americans ‘are you better off?’ Four years later, he was incoherent, but then recovered by joking about Mondale’s ‘youth and inexperience.’ Dukakis was insufficiently emotional at the prospect of his wife’s rape and murder."
"Hillary Clinton says the deaths of two African-American men are ""unbearable"" and ""intolerable"" ""This, though, is certain: too many people have lost their lives who shouldn't have,"" she says. Clinton urges the public against channeling their anger by targeting police officers.","Story highlights ""This, though, is certain: too many people have lost their lives who shouldn't have,"" Clinton said

The deaths of black civilians in confrontations with the police has taken center stage in the election

Orlando (CNN) Hillary Clinton kicked off a campaign event Wednesday by saying that the recent police killings of two African-American men that unleashed a national uproar this week are ""unbearable"" and ""intolerable."""
"“I take great pride in the fact that I am actually offering an alternative,” Johnson said. “I’m going to sleep well at the end of all this, giving people a first vote, not a second vote,"" he said.","How is it that we can only have two candidates?”

Story Continued Below

“I’m going to sleep well at the end of all this, giving people a first vote, not a second vote, not a lesser of two evils.”

Clinton’s campaign manager, Robby Mook, who spoke earlier on the same program, shrugged off Johnson’s impact on the race."
"No formal complaint has been filed, but police are investigating. The alleged victim is a 16-year-old girl from New York City. She has not been identified.","The U.S. Attorney’s Office in Manhattan is investigating Anthony Weiner’s alleged sexting with a minor, according to two officials briefed on the case."
"Democrats are backing legislation that would require presidential candidates to release their tax returns within 15 days of receiving the party’s nomination. Since 1976 only one candidate has refused to release tax returns, and in that election Republican Gerald Ford kept his taxes secret, and left the Oval Office after losing to Democrat Jimmy Carter.","11.7k SHARES SHARE THIS STORY

The Senate reconvened this week as Democrats introduced a transparency in Presidential candidates bill that would force Donald Trump to release his tax returns, if Republicans would only be willing to face everything their racist nominee has done in his business career:

Democrats are backing legislation from Sen. Ron Wyden (D-Ore.) that would require presidential candidates to release their tax returns within 15 days of receiving the party’s nomination."
"The Washington Post reported that Trump used $258,000 from his charity to pay off settlements. Michigan Democratic Rep. Sander Levin called on the IRS to audit the Trump Foundation.","Story highlights Trump reportedly used $258,000 from his charity to pay off settlements in a pair of lawsuits

""It is important that charitable funds be used for charitable purposes,"" Sander Levin wrote to the IRS

Washington (CNN) Michigan Democratic Rep. Sander Levin called on the IRS Wednesday to audit The Trump Foundation, following a report that the billionaire used charity money to pay off legal settlements."
"Atlanta resident's co-worker was over for work-related reasons, and when she heard the commotion, she sprung into action, wielding a handgun. Two intruders are still on the loose, and a third one died from his gunshot wounds.","Dean Washington reacted to the incident: “She exercised her right to defend her livelihood and property.” He added: “It’s not common that we receive this caliber of surveillance video showing the crime unfold, an actual home invasion.”

Washington hopes that the surveillance video will also lead to their being able to capture the two remaining suspects: “They’re not wearing anything on their faces so we’re highly anticipating someone watching the evening newscast will recognize these people.”

See the surveillance footage here:

The views expressed in this opinion article are solely those of their author and are not necessarily either shared or endorsed by EagleRising.com"
Donald Trump gave moderator Lester Holt a C+ for the first 45 minutes of the debate. Trump and his campaign complained Tuesday morning that Holt targeted him for unfair questioning while neglecting to ask Hillary Clinton about any of her various scandals.,"I think I did really well in answering those questions, but those questions are not answerable in a positive light.”

Story Continued Below

Still, Trump was upbeat overall about the debate, which he said “went really well” despite “some hostile questions.” The Manhattan billionaire gave Holt a C+ for his performance as moderator, praising him for his issue-based questions in the first 45 minutes of the debate but attacking him as biased for a series of more direct questions about a housing discrimination lawsuit filed against Trump’s real estate company in the 1970s, even though it was Clinton who brought up the Justice Department lawsuit."
One protester is clinging to life by a thread after being critically wounded by a protester who shot into the crowd randomly. At least three other protesters and four police officers were also taken to hospital after they were injured in the riot. A cameraman and reporter for WCNC-TV were also attacked while a CNN correspondent was body-slammed during a live broadcast.,"One Critically Wounded As Charlotte Police Endure Second Night Of RIOTS… [VIDEO]

In a second night of violent protests in Charlotte, North Carolina after a black police officer shot and killed an armed, black suspect, Keith Lamont Scott, things are spiraling out of control and the governor has declared an emergency there."
"Hassan Rouhani: Iran deal able to weather the election season. Rouhani: ""No one can say here or there that I don't accept this agreement, I want to renegotiate it""","Rouhani: Iran deal able to weather the election

Iranian President Hassan Rouhani on Wednesday expressed confidence that the landmark nuclear deal between his country and a group of world powers will be able to weather the volatile U.S. election season."
"Donald Trump addressed the unrest around the country in the wake of recent officer-involved shootings. Trump: “We honor and recognize the right of all Americans to peacefully assemble, protest, and demonstrate. But there is no right to engage in violent disruption”","“Everyday I see people of different backgrounds working together for common good, and we need to bring that spirit to every part of our country and become one American nation, united by shared values and principles as American citizens."
"Ted Cruz was booed off the stage at the Republican National Convention for snubbing his party’s presidential nominee. In March, Cruz called him a “sniveling coward’ and a ‘pathological liar’ Cruz said in May that Trump alleged that Cruz’’S father may have had some involvement in the assassination of President John F. Kennedy.","Early on, Cruz speculated that Trump’s tax returns could show a mob connection

In February, Cruz offered his take on why Trump hadn’t released his tax returns in an interview on NBC’s “Meet the Press,” suggesting that they might show “Donald's business dealings with the mob, with the mafia.”

“The fact that Donald seems terrified to release his taxes suggests that there’s a bombshell there,” Cruz said."
"Wake County, North Carolina, is the fourth county in a CNN series on critical counties. The county is rapidly expanding, and the influx of new people and industries could reshape the race. If Clinton performs well in the highly educated research triangle, then election night bodes well for her.","Meanwhile, the turmoil across the state in Charlotte after a police officer shot and killed a black man could add another focal point in the election — search data from Google Trends shows Wake County's spiking interest in ""police brutality"" this week."
The president was given the hat and blanket by Native American leaders. He wore the blanket around his shoulders as a song was played in his honor. He took the hat off after just a few moments.,"Obama wears hat, breaking ‘Politics 101’ rule on headgear

President Barack Obama violated the longstanding, albeit unofficial, rule against presidential headgear on Monday when he accepted a hat and blanket at the White House Tribal Nations Conference."
"Hillary Clinton said this year's election will impact the next 50 years of America. Clinton made an appeal to black voters during an interview on the ""Steve Harvey Morning Show""","The next 50 days will determine the next 50 years, and I say that absolutely seriously.”

The former secretary of state said she hopes everyone is registered to vote and directed listeners to a website to find out whether they’re registered “because I need you.”

“We gotta stand up and be counted in this election,” she added."
"I was a Democrat all my life, and I will vote to elect Donald Trump as president of the United States. John and Robert Kennedy devoted their greatest commitments and energies to the prevention of war and the preservation of peace. Hillary Clinton has pushed America into successive invasions, successive efforts at “regime change”","We must not have another war.” Years later, in the Cuban Missile Crisis of 1962, he and his brother had to overcome great opposition from their own military commanders, government officials and other public leaders, to prevent a war with the Soviet Union: there were 13 men in the ExComm room, and Robert Kennedy said that had any 1 of 8 of them been president, the crisis would have exploded in nuclear war."
"A photo of North Carolina State Troopers praying before going to confront protesters in Charlotte, NC went viral. The photo was taken by the North Carolina Troopers Association and posted on Facebook.","NC State Troopers Take A Knee Before Protecting Charlotte – But It Wasn’t To Protest The National Anthem…

As idiots like Colin Kaepernick took a knee to protest prejudice against blacks by police officers, cops in Charlotte, NC took a knee to pray before going to confront protesters."
"Sacramento Mayor Kevin Johnson was punched in the face at a charity event. A protester pulled a pie out of a bag and shoved it in Johnson's face. The two scuffled, and the protester was taken to a hospital for stitches.","Story highlights A protester pied Sacramento's mayor in the face at a charity event Wednesday

The two scuffled afterward, and the protester was taken to a hospital for stitches

(CNN) Kevin Johnson -- the NBA star-turned-Sacramento mayor -- was pied in the face by a man at a charity dinner Wednesday night at the high school he once attended."
U.S. Soccer says players and coaches are expected to stand during the national anthem. Megan Rapinoe continued to kneel during a game against the Netherlands on Sept. 18. She has no plans of quitting her protest.,"Despite an official statement from U.S. Soccer stating that both coaches and players are expected to stand at attention during the national anthem, Rapinoe continued to kneel at the Sept. 18 game against the Netherlands, protesting what she believes to be injustice and oppression in the United States."
Twitter exploded after Brody Jenner posted a comment on Instagram claiming that not everything is about race. The perpetually-offended crowd took to their keyboards to let him know that he's a terrible person because he’s white and a man.,"The perpetually-offended crowd took to their keyboards to let him know that he’s a terrible person because he’s white and a man, and straight and “cis-gender.”

× 101 Things All Young Adults Should Know by Sir John Hawkins John Hawkins's book 101 Things All Young Adults Should Know is filled with lessons that newly minted adults need in order to get the most out of life."
"“I think it's a shame we put the president of the United States through this. And every time we talk about it, it's the wound. It’s the wound that won’t heal.”","| AP Photo Donna Brazile slams Trump for not apologizing for birther claims

Democratic National Committee interim chairwoman Donna Brazile said Donald Trump’s refusal to apologize for spearheading the so-called “birther” movement that questioned the citizenship of Barack Obama is a “wound that won't heal.”

Recalling her visit over the weekend the newly-opened National Museum of African-American History and Culture as well as her own family’s history, Brazile said Trump’s hectoring of America’s first black president about his birth certificate recalled for her and many others the nation’s painful past."
"Officials say they now think the personnel bombed may have been Syrian military prisoners. US, British, Danish and Australian aircraft may have incorrectly assessed intelligence. The UK Ministry of Defence is saying it used drones in the strike.","(CNN) The mistaken US-led coalition bombing of a Syrian military position Saturday may have happened because the personnel weren't wearing military uniforms and didn't have standard military weapons, several US military officials told CNN."
Kimmel opened the ceremony by poking fun of Hollywood’s elite and making several sarcastic but pointed jokes about diversity. His greatest moment came when he mocked Trump and called out the guy who made him a reality television celebrity.,"He would be at home right now quietly rubbing up against his wife Malaria, while she pretends to be asleep.”

And when it came to who was responsible for creating the five-alarm dumpster fire that is Donald Trump’s presidency, Kimmel singled out Mark Burnett, the brainchild behind Celebrity Apprentice."
Sheriff Joe Arpaio eviscerated John McCain after McCain attacked Donald J. Trump for pardoning the Arizona lawman. McCain Criticized Trump for Arpaio’s Pardon… Sheriff Joe Fires Perfect Response.,"McCain Criticized Trump for Arpaio’s Pardon… Sheriff Joe Fires Perfect Response Joe Arpaio may not be in office any more, but that doesn't mean America's toughest sheriff has lost his step... check out how he eviscerated John McCain after McCain attacked Donald J. Trump for pardoning the Arizona lawman."
"Twitter and Bloomberg Media are teaming up to stream the upcoming presidential debates live on Twitter. The debates will be available at debates.twitter.com, in Twitter Moments or on @bpolitics.","On Media Blog Archives Select Date… December, 2015 November, 2015 October, 2015 September, 2015 August, 2015 July, 2015 June, 2015 May, 2015 April, 2015 March, 2015 February, 2015 January, 2015

Trump-Clinton debates will stream on Twitter

Twitter and Bloomberg Media are teaming up to stream the upcoming presidential debates live on Twitter."
"Biden: ""What do you have to do to get people to vote for you?"" Biden: ""You have to be willing to work for your country""","""If this choice isn’t clear, I don’t know –- my lord,"" Biden said about the debate."
"The McClatchy-Marist poll found Clinton leading Trump 45% to 39% among likely voters in a four-way race. Clinton maintains a massive lead among black voters, pacing Trump 93% to 3%.","Story highlights Hillary Clinton has a 6-point lead over Donald Trump in a four way race, according to a new poll

Clinton has the edge over Trump on a number of key issues in the poll ahead of the first presidential debate

(CNN) Hillary Clinton holds a solid 6-point lead over Donald Trump heading into the first presidential debate next Monday, according to a new national poll released Friday."
Lawsuit filed against La Plata High School in Maryland. Allegedly taught students that the Muslims faith is stronger than a Christian or Jews. The lawsuit was filed on behalf of John and Melissa Wood.,"Richard Thompson, President of Thomas More, said,

“Defendants forced Wood’s daughter to disparage her Christian faith by reciting the Shahada, and acknowledging Mohammed as her spiritual leader.”

The Law Center commented that for non Muslims such as Christians and Jews that reciting the Shahada Islamic creed which is their statement of faith is the equivalent of converting."
"ABC News is not responsible for the content of external Internet sites. External links are provided for reference purposes. For more information, visit Yahoo! - ABC News Network.",ABC News is not responsible for the content of external Internet sites.
Hillary Clinton and Donald Trump will take the stage Monday night for the first presidential debate. Monday night marks the first of three debates at Hofstra University in New York. CNN will air the event in its entirety on its networks as well as through a live stream on CNN.com.,"Story highlights Monday night marks the first of three debates

This is how you can watch it

Washington (CNN) Hillary Clinton and Donald Trump will take the stage Monday night for the first presidential debate, due to be broadcast live most everywhere."
"The topics include ""America's Direction,"" ""Achieving Prosperity"" and ""Securing America"" The debate will be held at Hofstra University on Long Island, New York.","On Media Blog Archives Select Date… December, 2015 November, 2015 October, 2015 September, 2015 August, 2015 July, 2015 June, 2015 May, 2015 April, 2015 March, 2015 February, 2015 January, 2015

Topics for first presidential debate announced

Lester Holt, ""NBC Nightly News"" anchor and moderator of the first presidential debate scheduled for next Monday announced the topics that will serve as a jumping off point for his questions."
"Gene Simmons was asked his thoughts on the recent bombings in New York and New Jersey. Simmons said he thought the Muslim terrorist bomber, Rahami, “should go to jail and be somebody’s girlfriend”","“[Ahmad Khan Rahami] should go to jail and be somebody’s girlfriend.” — Rock Legend Gene Simmons commenting on recent NY/NJ bomber Ahmad Khan Rahami

Hall of Fame rock legend Gene Simmons made a name for himself playing the bass guitar and singing for the pop-rock band KISS."
"Robby Mook, Hillary Clinton's campaign manager, said the Democratic nominee would implement a set of best practices to prevent police-involved shootings. Mook said the other part of Clinton's plans involves working to improve the relationship between police and minorities. Clinton spoke out Tuesday against ""systematic racism"" following the shooting of Terence Crutcher in Tulsa, Oklahoma.","Clinton said Tuesday that while there are ""good, honorable, cool-headed police officers"" working across the country, ""we can do better."""
"Kellyanne Conway: Trump will explain his Islamic State plan if asked. Trump has vowed to ""knock the hell out of ISIS"" but has been mum on how he would do so.","Pressed by Geist and Mika Brzezinski on whether voters deserve to know details about his plan before they cast their votes, or at least a sense that he has any “knowledge of the landscape,” Conway said, “Yes, and he’ll be happy to offer those specifics without telling the enemy exactly what we’re going to do.”

“So just to put a button on it, we’ll get the ISIS plan tonight in the debate?” Geist asked."
President Barack Obama praised the response of New York and New Jersey residents. He urged Americans to follow the lead of residents by not submitting to fear. Obama was speaking Monday morning from a hotel in midtown Manhattan.,"Story highlights Obams reaffirms US commitment to fighting ISIS

Obama praised the response from citizens in New York and New Jersey

New York (CNN) President Barack Obama worked to calm Americans' jitters Monday after a series of attempts at mass violence, suggesting that yielding to fear amounted to a win for terrorists."
"Leaders meet at the United Nations to discuss the global refugee crisis. President Obama calls the issue ""one of the most urgent tests of our time"" Aid groups are skeptical the summit will prompt the kind of action they say is desperately needed.","JUST WATCHED President Obama at the UN: Then and now Replay More Videos ... MUST WATCH President Obama at the UN: Then and now 01:45

""We are not as unified as we should be in pushing to make it stop,"" he said, describing the global refugee crisis as both a humanitarian and security challenge that tests countries' ability to take collective action."
"Donald Trump slams Hillary Clinton for her approach to national security issues. The Republican presidential nominee spoke at his first rally since the New York and New Jersey bomb attacks. He talked up his hardline immigration policies and argued domestic terror suspects should be tried as ""foreign enemy combatants""","Story highlights Donald Trump criticized Hillary Clinton for her approach to national security issues

It's a recurring theme of his campaign

Estero, Florida (CNN) Donald Trump, speaking two days after the latest terrorist attack on US soil, sought to paint his rival Hillary Clinton as a ""weak and ineffective"" leader not prepared to confront the threat of radical Islamic terrorism, as he talked up his radical policy prescriptions."
"The ""he said/she said"" method of reporting has been taking it on the chin ever since New York University journalism professor Jay Rosen placed it in his gunsights in 2009. The New York Times recently published a Page One, above-the-fold piece by Michael Barbaro, shredding Donald Trump as a pitiful liar and obfuscator for his latest “birther” declaration.","“First,” Salk writes, they say “that it can’t be true.” Second phase: “Well, if it’s true, it’s not very important.” Third phase: “Well, we’ve known it all along.”

Before anybody puts words in my mouth, this is not my long-winded way of saying I don’t subscribe to the global warming hypothesis."
"Terrill Thomas, 38, was found dead in a Milwaukee County Jail cell on April 24, nine days after being arrested in connection with a shooting. The Milwaukee County medical examiner announced that Thomas’ death was due to profound dehydration, according to the Journal Sentinel. Other inmates heard Thomas beg for water in the days before he died.","Inmates at the jail say the water in Thomas’ jail cell had been cut off for 6 days, and that one inmate warned jailers about the danger to the man’s life."
"The head of the Commission on Presidential Debates said she doesn't want debate moderators to fact-check Donald Trump. Janet Brown said she's not sure ""what is a big fact, what is a little fact?"" Trump lies at a rate of once every 3 minutes and 15 seconds.","I don’t think it’s a good idea to get the moderator into essentially serving as the Encyclopedia Britannica.”

Head of Commission on Presidential Debates doesn’t want moderators correcting lies because “what is a big fact, what is a little fact?” #cnn pic.twitter.com/krm5FeV9aW — John Aravosis (@aravosis) September 25, 2016

The statement was exactly what the Trump campaign had been demanding for weeks and was ecstatic to hear."
"Kellyanne Conway praised Donald Trump for showing restraint at the debate. “I am not sure I would have been able to exercise it myself, but restraint is a virtue and it’s a presidential virtue,” she said.","“To tell Hillary Clinton after she accused him of being terrible with women, to tell Hillary Clinton ‘I was prepared to go rough tonight and I am not going to do it because your husband and daughter are here.’ That is going to grow in importance in the next couple of days in a moment of great temperance and restraint.”

Story Continued Below

With just minutes left in Monday night’s debate, Clinton managed to work in a line of attack against Trump that she has also used most-recently in a new campaign ad, hitting the Manhattan billionaire as “a man who has called women pigs, slobs and dogs.” After the debate, Trump told CNN that ““I was going to say something extremely rough to Hillary, to her family, and I said to myself, I can't do it,” indicating that he was uncomfortable leveling such an attack with Clinton’s husband and daughter in the audience."
"France has become the first country in the world to ban plastic plates, cups and utensils. Exceptions will be allowed for items made of compostable, biosourced materials. The ban is part of a larger push to reduce greenhouse gas emissions.","In the words of French President François Hollande, the ban is part of a larger push intended “to make France … an exemplary nation in terms of reducing greenhouse gas emissions, diversifying its energy model and increasing the deployment of renewable energy sources” -- starting, it would seem, with the forks and knives distributed at fast-food restaurants and the coffee cups in vending machines."
"House Speaker Paul Ryan would not comment on Donald Trump's ""stop and frisk"" proposals. Ryan called for calm following the shooting in Charlotte, saying ""these images are just so heartbreaking""","Story highlights Ryan called for calm in Charlotte, but would not comment on Trump's ""stop and frisk"" proposals

Earlier this week Ryan said he wanted Congress to complete work on a criminal justice reform bill

Washington (CNN) House Speaker Paul Ryan ducked Thursday on whether he supports the ""stop and frisk"" policy pushed by Donald Trump."
Charlotte-Mecklenburg Police Chief Kerr Putney said during a news conference Wednesday morning that officers were searching for a suspect Tuesday when they saw 43-year-old Keith Lamont Scott exit a vehicle with a handgun. He says the officers told him to drop the gun and that he got out of the vehicle a second time still carrying the gun. Putney says the man was shot because he posed a threat.,"“It’s time to change the narrative, because I can tell you from the facts that the story’s a little bit different as to how it’s been portrayed so far, especially through social media,” he said."
"Kaine laid flowers at a memorial surrounding the club. He attended alongside former Rep. Gabby Giffords and astronaut Mark Kelly. Kaine was Virginia's governor in 2007, when a shooter killed 32 people at the university.","| Burgess Everett/POLITICO Kaine visits site of Orlando mass shooting

ORLANDO -- Tim Kaine visited the Pulse night club here on Monday evening, the site where gunman Omar Mateen killed 49 people in June."
President Obama said Donald Trump lacks the preparation and temperament for the presidency. He also said Trump can't be trusted to address serious threats like climate change. The president made the comments in an interview with Ryan Seacrest.,"Story Continued Below

Obama touted Clinton’s performance and her qualifications for the presidency, saying “she’s serious and does her homework.”

And he blasted Trump for not having the “preparations and the temperament or the core values of inclusion and making everybody, you know, have opportunities that would take our country forward.”

The president said his two biggest concerns for his daughters’ generation are the spread of nuclear weapons and the onset of climate change — adding that Trump falls short on both."
"Donald Trump has a reputation in the media for being open and accessible to interview requests. But lately, as Trump has hired new handlers and other campaign personnel, he has been in something of a retreat. Trump is only talking to Fox News right now.",Trump is saying “yes” to Fox News almost every day but saying “no” to most other major networks and news organizations — a highly unusual strategy for a presidential nominee.
Hillary Clinton is asking why she isn’t “50 points ahead” of Donald Trump. Hillary encouraged her supporters to “stage an intervention” if they know anyone who supports Trump.,"While she was talking about “investing in infrastructure, raising the minimum wage, and collective bargaining,” she raised the question:

“Having said all this, ‘Why aren’t I 50 points ahead?’ you might ask?"
"Bobby Knight: ""There’s nobody that I’ve met in my lifetime that has a better grasp of how to correct mistakes"" Knight: Trump ""put a lot of businesses together"" and created ""thousands of jobs for people around the world""","""Believe me when I tell you, I think you’re all gonna agree on this: Our next president is gonna inherit a hell of a lot of problems, and it’s gonna take a problem solver to get us back where we want to be and where we should be, and there is no one that even comes close to being smart, tough and dedicated completely to the United States of America,"" Knight said."
"Three pipe bombs and two smaller devices were found at a train station in Elizabeth, New Jersey. Islamic terrorism would seem to be the most likely explanation. The FBI has arrested 5 people they believe may be connected to the Chelsea bombing investigation.","According to the New York Daily News, “authorities discovered three pipe bombs and two smaller devices at a train station in Elizabeth.”

NEW JERSEY: Elizabeth Mayor says a bag with wires and pipes was found in a trash can near NJT Station, FBI on scene."
"""When you see how well it works for Donald Trump, do you think to yourself, 'I should be more racist?'"" Hillary Clinton asks.","Story highlights The interview is part of the Clinton campaign's attempt to show a funnier, softer side

President Barack Obama also sat down with Zach Galifianakis to tout the Affordable Care Act

(CNN) Hillary Clinton sat down for an interview with the irreverent Zach Galifianakis and almost immediately -- albeit jokingly -- regretted it."
"U.S. Magistrate Judge Gabriel Gorenstein agreed with federal prosecutors that suspect Ahmad Rahami need not have an initial federal court appearance until he is taken into federal custody. ""The [federal] Government explicitly denies that it has arrested the defendant. There is no evidence to the contrary,"" he wrote.","Under the Radar Blog Archives Select Date… July, 2017 June, 2017 May, 2017 April, 2017 March, 2017 February, 2017 January, 2017 December, 2016 November, 2016 October, 2016 September, 2016 August, 2016

Magistrate won't order federal arraignment for bombing suspect

A federal magistrate has turned down a request from defense lawyers that the man accused of the weekend bombings in New York and New Jersey be immediately arraigned on a set of federal charges he is facing."
Final test of ISIS weapon found no evidence of mustard agent. The weapon was fired from an ISIS-controlled area of northern Iraq. The test was the third time the weapon had been fired.,"Story highlights A final lab test of ISIS weapon fired on US troops tested negative for mustard agent

US forces were fired on last week by ISIS, initial tests showed a chemical weapon was used

Washington (CNN) The American-led military coalition against ISIS said Tuesday that a final laboratory test of the weapon ISIS fired at a US-Iraqi base in northern Iraq last week did not contain a mustard agent as earlier believed."
"Terrorist attacks during the campaign ""have a significant impact"" on voters, expert says. Three of the latest national polls had Clinton leading when respondents were asked whom they trust to handle terrorism.","In an ABC News/Washington Post poll released Sept. 11, Clinton led, 50 percent to Trump's 41 percent among all adults and 48 percent to Trump's 45 percent among likely voters when asked about who was more trusted to handle terrorism."
"The first general election presidential debate of 2016 will be held at Hofstra University in Hempstead, New York on Sept. 26. Lester Holt, who anchors ""NBC Nightly News,"" will be the moderator. No other candidates qualified for the debate.","| Getty Everything you need to know about Trump and Clinton’s first 2016 presidential debate

When is the first general election presidential debate?"
Ahmad Khan Rahami is facing five attempted murder charges in a New Jersey court in connection with a shootout Monday morning. Prosecutors say Rahami isn't in federal custody so there is no legal obligation for the federal courts to get involved.,"Under the Radar Blog Archives Select Date… July, 2017 June, 2017 May, 2017 April, 2017 March, 2017 February, 2017 January, 2017 December, 2016 November, 2016 October, 2016 September, 2016 August, 2016

Ahmad Khan Rahami is taken into custody after a shootout with police Monday in Linden, N.J. | Nicolaus Czarnecki/Boston Herald via AP U.S. attorney sees no rush to arraign Rahami in federal court

Federal prosecutors are pushing back against a demand by defense lawyers that New York and New Jersey bombing suspect Ahmad Rahami be arraigned immediately on federal charges he is facing."
"Rep. Trent Franks says Ted Cruz should back Donald Trump. Cruz refused to endorse Trump earlier this year, but is under pressure to change his mind now. Cruz could face a primary challenge in 2018 from a fellow Republican.","Story highlights Ted Cruz refused to endorse Trump earlier this year, but is under pressure to change his mind now

Cruz could face a primary challenge in 2018 from a fellow Republican

Washington (CNN) Rep. Trent Franks backed Ted Cruz during the GOP presidential primary, but he now has a message for the Texas Republican: Get in line behind Donald Trump."
"“They are wrong to say that we’re in a fight about ‘narratives,’” Trump said. “These terrorists pose an existential threat to our country, our way of life.”","“Today, Hillary Clinton showed again that she will say anything — and blame anyone — to shift attention away from the weakness she showed as Secretary of State,” he said in a statement Monday, adding that terrorists are “hoping and praying that Hillary Clinton becomes President so that they can continue their savagery and murder.”

Trump vowed to “bring an end to these senseless acts of violence” and condemned the White House, whose spokesman referred to the battle against the Islamic State as a “narrative fight.”

“They are wrong to say that we’re in a fight about ‘narratives,’” Trump said."
Former Port Authority official David Wildstein testified in federal court Monday. Wildstein is testifying as part of his plea deal. He has previously pleaded guilty to one charge of conspiracy to commit fraud on federally funded property.,"Baroni asked when the first day of school in Fort Lee was, and when Wildstein told Baroni it was September 9, Baroni smiled and said, ""Fantastic,"" according to Wildstein's testimony."
"U2 frontman Bono called Donald Trump “potentially the worst idea that ever happened to America.” Bono: America is like the best idea the world ever came up with. “That idea is bound up in justice and equality for all, you know,” he continued.","Bono: ‘Trump is potentially the worst idea that ever happened to America’

Donald Trump is the antithesis of the United States, according to U2 frontman Bono, who called the Republican presidential nominee “potentially the worst idea that ever happened to America.”

“Look, America is like the best idea the world ever came up with,” Bono, whose real name is Paul David Hewson, told “CBS This Morning” in an interview broadcast Tuesday."
"A CNN/ORC poll last week found Hillary Clinton and Donald Trump almost evenly matched. With 50 days until the election, Florida political experts say it's anyone's guess who will come out on top. All eyes are on central Florida's I-4 corridor, historically responsible for swinging elections.","Story highlights The campaigns of Hillary Clinton and Donald Trump are both targeting Florida

It's living up to its reputation as a perennial swing state

(CNN) Florida -- a perennial swing state -- is living up to its reputation ahead of the November election."
"CNN/ORC poll showed that 62 percent of respondents believed Hillary had won the debate. However, there are a ton of polls that were conducted online that say Trump won in a landslide. How can that be? The Huffington Post to answer that question:Are polls like this an accurate measure of how the electorate responded to Monday’s debate?","Final debate polls are in – and the MOVEMENT wins!#AmericaFirst #MAGA #ImWithYouhttps://t.co/3KWOl2ibaW pic.twitter.com/sfCEE3I5pF — Donald J. Trump (@realDonaldTrump) September 27, 2016

He tweeted a story from the Daily Mail, too, that carries a headline saying, “Majority of snap polls show Trump won debate by a landslide despite CNN’s overwhelming victory for Hillary in biggest official survey.” They actually looks like they’re calling the results of the CNN poll into question with screencaps of every online poll in existence."
Democratic vice presidential candidate Tim Kaine says third-party Libertarian candidates will lose. He acknowledged that he and Clinton will make a case to voters who may be considering Johnson. Kaine pointed to the 2000 election as evidence that a protest vote can affect the outcome of the race.,"Story highlights Democratic vice presidential candidate Tim Kaine says third-party Libertarian candidates will lose

He acknowledged that he and Clinton will make a case to voters who may be considering Johnson

(CNN) Democratic vice presidential nominee Tim Kaine has a message for voters considering a third-party candidate: They're going to lose."
"Vice President Joe Biden tore into Donald Trump during a campaign stop in Philadelphia, Pennsylvania. Biden said that Trump does not have the basic fundamental sensibilities and values that almost every American politician left, right and center I know have.","They disagree on how to make things better for you, but they don’t take pleasure from ‘You’re fired.’ They don’t take pleasure knowing that they will benefit.”

Biden also talked about how Trump seems proud of not paying taxes."
At least 858 people who had been ordered to be deported or removed from the U.S. were instead granted citizenship. The mistaken citizenships were granted because of incomplete fingerprint records. The Department of Homeland Security is taking steps to correct the issues.,"| AP Photo U.S. mistakenly granted citizenship to hundreds of immigrants

At least 858 people who had previously been ordered to be deported or removed from the U.S. were instead granted citizenship, the Department of Homeland Security’s inspector general announced Monday."
"Insiders in both parties say Hillary Clinton is under more pressure than Donald Trump to win the debate. But Democrats mostly lamented the low expectations for Trump, a relative political neophyte who has exhibited little command of the issues. Most insiders expect Clinton to “win” the debate on Monday night: 76 percent of Democrats and 59 percent of Republicans.","I think not.”

These are the members of The POLITICO Caucus, not all of whom participated in this special survey:

Colorado: Ryan Call, Laura Carno, Matt Chandler, Will Coyne, Adam Eichberg, Mark Ferrandino, Cole Finegan, Michael Fortney, Andrew Freedman, Ted Harvey, Craig Hughes, Owen Loftus, Pete Maysmith, Frank McNulty, Karen Middleton, Christopher Murray, BJ Nikkel, Josh Penry, Rick Ridder, Alan Salazar, Janice Sinden, Pat Steadman, Pat Waak, Steve Welchert, Taylor West, Roxane White, Rob Witwer

Florida: Fernand Amandi, Scott Arceneaux, JP Austin, Tim Baker, Dennis K. Baxley, Slater Bayliss, Dave Beattie, Wayne Bertsch, Ron Book, Pamela Burch Fort, Jose Calderon, Kevin Cate, Kelly Cohen, Gus Corbella, Brian Crowley, Elizabeth Cuevas-Neunder, Justin Day, Judith Diaz, Nelson Diaz, John Dowless, Ryan Duffy, Jessica Ehrlich, Joe Falk, Alia Faraj-Johnson, Mark Ferrulo, Damien Filer, Marty Fiorentino, Rich Heffley, Nick Iarossi, David Johnson, Eric Johnson, Marian Johnson, Eric Jotkoff, Chris Korge, Jackie Lee, Susan MacManus, Beth Matuga, Fred Menachem, Jon Mills, Joe Mobley, Ben Pollara, Andrea Reilly, Steve Schale, April Schiff, Max Steele, Roger Stone, Richard Swann, Kevin Sweeny, Christian Ulvert, Steve Vancore, Ashley Walker, Andrew Weinstein, Andrew Wiggins, Ryan Wiggins, Rick Wilson

Iowa: Tim Albrecht, Brad Anderson, Rob Barron, Jeff Boeyink, Bonnie Campbell, Dave Caris, Sam Clovis, Jerry Crawford, Sara Craig, John Davis, Steve Deace, John Deeth, Derek Eadon, Ed Failor Jr., Karen Fesler, David Fischer, Ben Foecke, Doug Gross, Steve Grubbs, Tim Hagle, Bob Haus, Joe Henry, Drew Ivers, Jill June, Lori Jungling, Jeff Kaufmann, Brian Kennedy, Jake Ketzner, David Kochel, Chris Larimer, Chuck Larson, Jill Latham, Jeff Link, Dave Loebsack, Mark Lucas, Liz Mathis, Jan Michelson, Chad Olsen, David Oman, Matt Paul, Marlys Popma, Troy Price, Christopher Rants, Kim Reem, Craig Robinson, Sam Roecker, David Roederer, Nick Ryan, Tamara Scott, Joni Scotter, Karen Slifka, John Smith, AJ Spiker, Norm Sterzenbach, John Stineman, Matt Strawn, Charlie Szold, Phil Valenziano, Jessica Vanden Berg, Nate Willems, Eric Woolson, Grant Young

Michigan: Jill Alper, Saul Anuzis, Andrea Bitely, Lori Carpentier, Howard Edelson, Jordan Gehrke, Steve Hood, Darwin Jiles Jr., Joe Lehman, Dennis Lennox, Katie Packer, Ronna Romney McDaniel, John Truscott, Stephanie White, John Yob

Nevada: Mac Abrams, Greg Bailor, Barbara Buckley, Yvanna Cancela, Bob Cavazos, Linda Cavazos, Jim DeGraffenreid, Andrew Diss, Peter Ernaut, Ryan Erwin, Chip Evans, Jay Gerstema, Oscar Goodman, Ryan Hamilton, Dan Hart, Pat Hickey, Zach Hudson, Jeremy Hughes, Megan Jones, Lindsey Jydstrup, Adam Khan, Peter Koltak, Roberta Lange, Sam Liberman, Laura Martin, Michael McDonald, Chuck Muth, Erven Nelson, Kristen Orthman, Neal Patel, Nick Phillips, Jon Ralston, Andres Ramires, Emmy Ruiz, Scott Scheid, Mike Slanker, James Smack, Paul Smith, Jack St. Martin, Mari St. Martin, Daniel Stewart, Brendan Summers, Riley Sutton, Robert Uithoven, Michelle White, Ed Williams, Heidi Wixom

New Hampshire: Charlie Arlinghaus, Arnie Arnesen, Patrick Arnold, Rich Ashooh, Dean Barker, Juliana Bergeron, D.J."
Donald Trump Jr. is quite possibly the dumbest person ever to take to social media. His brother Eric just made a fool of himself with his childish self-admiration for being the answer to a crossword puzzle question.,"For years, we’ve known that the only constitutional amendment conservatives care about is the second, so when this tweet appeared pinned to Mini Douche’s Twitter account this morning, I couldn’t help but bust out in hysterical laughter:

Clearly when you’re the son of pure evil you have a hard time understanding the words you use."
The latest polls show that the support for the Trump presidency is growing rapidly. The gap between the two candidates is also narrowing in the key battleground states. Donald Trump also continued his efforts to layout his policy framework with the introduction of another signature platform.,"Of course, Trump’s unveiling his medical records on a television show comes on the heels of the recent concerns about Hillary Clinton’s health following her fainting at last week’s September 11 memorial event and the subsequent revelation that she was suffering from pneumonia."
"Donald Trump has not held a press conference since July. He has been on Fox News almost every day, but says ""no"" to most other major networks. Trump's campaign declined to comment on its media strategy.","Because Anderson Cooper challenged Trump about the candidate's muddled stance on immigration, The Post's Callum Borchers concluded that ""it didn't go very well"" for Trump."
"Pence: ""There is a number of factual errors in that story as there were in previous stories about the Trump Foundation"" The Indiana governor said the ""larger issue"" is the Clinton Foundation.","Appearing on MSNBC's ""The 11th Hour with Brian Williams"" after an evening rally in Williamsburg, Virginia, the Indiana governor backed up the Trump campaign's statement against the Post's reporting earlier in the day that Donald Trump spent $258,000 from his charitable foundation to settle legal issues."
"Ahmad Khan Rahami, 28, was born in 1988 in Afghanistan and is a naturalized U.S. citizen. He was arrested in Linden, New Jersey, not far from his last known address in Elizabeth. Rahami was shot at least once by police during an exchange of gunfire.","New Jersey State Police

A U.S. official initially told ABC News Rahami came to the U.S. in 2000, but his father later said the family came over in 1995."
Donald Trump hits the campaign trail with former boxing promoter Don King. King dropped the N-word before a group of pastors at a Cleveland church. King hailed Trump as the rare candidate who would overthrow the existing political system.,"When Trump took his turn at the pulpit minutes later, he grinned, “Ah, there’s only one Don King.”

Before King, Cohen, Trump’s attorney, used his time at the church to slash at the “disgusting, liberal, mainstream media” and its casting of Trump as a “racist.”

“The word of the 2016 election has somehow become ‘racist,’” Cohen complained."
"Arizona Sheriff Joe Arpaio: Trump didn't call Obama's birth certificate ‘legitimate’ “He didn’t say the document was legitimate,” Arpaio told POLITICO of the GOP nominee's statement. Arpaio is a prominent Trump supporter known for his hard-line views on immigration.","| Getty Joe Arpaio: Trump didn’t call Obama’s birth certificate ‘legitimate’

Donald Trump finally acknowledged President Barack Obama’s American birthplace last week, but one of his supporters, controversial Arizona Sheriff Joe Arpaio, sees a silver lining for the ""birther"" movement: Trump didn't take a position on whether Obama’s birth certificate was forged."
President Barack Obama meets with Israeli Prime Minister Benjamin Netanyahu. Obama says he is aiming to ascertain the prospects for peace in the region. The White House has accused Netanyahu of being less-than-diplomatic in expressing his opposition to US policies.,"Story highlights Obama has taken steps toward solidifying the alliance with Israel this month

His meeting with Netanyahu was likely to be their last face-to-face consultations

New York (CNN) President Barack Obama confronted one of his most strained foreign partnerships Wednesday during a final meeting with Israeli Prime Minister Benjamin Netanyahu, the pair making a last attempt at patching up their stormy bond before Obama leaves office."
"Nelson was in Bristow Saturday for a Farm Aid 2016 concert. A photo of him with McAuliffe included a can of ""Willie's Reserve"" The weed is sold in Colorado and is legal in Washington, but not Virginia.","Terry McAuliffe, after a photo of McAuliffe and the legendary marijuana-loving musician tweeted by Nelson's wife, Annie Nelson, included a can of ""Willie's Reserve"" -- Nelson's brand of weed."
"CNN’s John Defterios: “I’m getting a lot of emails from friends asking, ‘Have you heard of Carter Page?’” “He was one of the biggest Western players in the Russian market until President Vladimir Putin turned on him,” a former U.S. energy official says. “They’ve been trying to get him for years, and he just won’t budge,’","When it came to finance, Aleksashenko says, Page “was not a specialist in any branches of finance or in any instruments.” When it came to energy, Page and his team were, according to Torchinsky, “mildly speaking, not competent in the field of energy.” And, says Aleksashenko, “judging by the drivel he spews on Russia, you can tell he doesn’t really understand the topic.”

Trump’s putative adviser on Russia and energy and foreign policy, in other words, “did not create the impression of someone who was intellectual or well-educated, or someone who was in any way interested or knowledgeable in foreign policy,” says Aleksashenko."
The Washington Post is going out of its way to disparage Donald Trump. Twice in this month Post columnists have compared Donald Trump to Adolf Hitler. The fact that they are only creating a “Trump” month is incredibly sexist.,"Mr. Cohen didn’t mention what despot Hillary’s lies reminded him of, but then again the post would never have a “Hillary is Hitler month.” While a Hillary comparison would be just as wrong, the fact that they are only creating a “Trump” month is incredibly sexist."
"President Obama's aides worry the Republican represents more of America than a fringe. Obama has expressed mixed feelings, according to people close to the president. Former White House aide: “We’re way beyond the laughs, and just sitting on the edge of our seats in terror”","Story Continued Below

Going into Monday night’s debate, Obama’s team is feeling that same anxiety expressed by some top Hillary Clinton aides: maybe the country isn’t what they thought, maybe the resistance to Obamacare and gay marriage and the progress they’re so proud of is broader than the vocal fringe they’ve always dismissed."
The Republican candidate has 45% to Clinton's 42% in the Monmouth University poll. Libertarian Gary Johnson had the support of 8% of likely voters. Mitt Romney won the state by 8 points in 2012.,"Story highlights Trump has 45%, Clinton 42% and Gary Johnson 8%

Mitt Romney won the state by 8 points in 2012

Washington (CNN) Donald Trump and Hillary Clinton are in a tight race in in Georgia, a traditionally deep red state, according to a new poll."
RNC Chair Reince Priebus asked Hillary Clinton to smile during a forum hosted by Matt Lauer. Chelsea Handler called Priebus out on his request for a smile on her show Chelsea.,"Chelsea began by asking Priebus:

“Who the f*ck are you to tell someone to smile?”

Adding:

“This is just another example of how men feel the can belittle every woman in the world and order up a smile.”

Chelsea then said:

“Stop telling women to smile."
"Donald Trump has a lot to prove, for real, that he's not the lying, self-dealing crook many Americans think he is. Clinton deserves the same, but she is already the single most scrutinized, parsed, vetted, attacked and plaudited non-incumbent to ever seek the presidency.","At issue is Trump’s fundamental personal narrative, and his claim that he’s “very, very rich.” He is, but maybe not quite as much as he claims (he says he’s good for $11 billion; Forbes and other outlets say he’s worth less than half that much)."
"The Clinton Foundation has been accused of being all about pay to play. But there is no evidence that Clinton Foundation donors asked for favors and got them. The same is true of the Trump Foundation, which is being investigated by the New York Attorney General.","The investigation launched amid reports from The Washington Post that Trump spent money from his charity on items meant to benefit himself, such as a $20,000 oil painting of himself and a $12,000 autographed football helmet, and also recycled others’ contributions “to make them appear to have come from him” although he “hasn’t given to the foundation since 2008.” Source: Media Matters

Media Matters goes on to talk about the double standard and about how clearly the mainstream media is trying to promote Trump at the cost of Clinton’s candidacy:

Journalists have been criticized for the “double standard” in the ways they cover Trump and Democratic presidential nominee Hillary Clinton."
"Former President Bill Clinton and his Clinton Health Access Initiative (CHAI) distributed “watered-down” HIV/AIDs drugs to patients in sub-Saharan Africa. The drugs “likely increased” the risks of morbidity and mortality, according to a draft congressional report obtained by The Daily Caller News Foundation. The report focused on Clinton’s decade-long relationship with a controversial Indian drug manufacturer called Ranbaxy.","It concluded that the drugs, which included anti-retroviral HIV/AIDs medications, “show much lower potencies in these batches.”

Although Ranbaxy’s generic drugs are now barred from being sold in the U.S., CHAI and the former president continue to praise Ranbaxy and distribute the company’s HIV/AID drugs to patients abroad."
"EagleRising.com writer says the real Hillary Clinton is unlikely to run for president. The real Hillary has health issues that prevent her from campaigning, he says. It is possible that if she wins the election, it will be her double that participates in the inauguration, he writes.","Since the real Hillary Clinton obviously has such bad health issues that practically prevents her from even campaigning, we must assume that her clone stand in will do most of the appearances she is scheduled to do before the election, aside from those Bill Clinton will do himself."
Donald Trump’s senior communications advisor said that the GOP presidential nominee is fighting the “narratives’ of Barack Obama and Hillary Clinton. Trump has suggested rounding up Muslims and rounding them up into modern-day concentration camps.,"He’s suggested building a wall to keep invading hordes of brown-skinned “rapists” and “drug dealers” from charging into the country, gotten on board with creating a national registry for Muslims like Hitler did with the Jews, forcing said Muslims to wear special identification badges, and even rounding them up into modern-day concentration camps as a “temporary measure.” He’s even suggested outright murdering the families of terrorists abroad:

“The other thing with the terrorists is you have to take out their families, when you get these terrorists, you have to take out their families."
Website is Down For Maintenance. Website is Down for Maintenance. Visit our website for more information on how to get back up and running again.,Website is Down For Maintenance
"Obama told world leaders to recognize that violence and poverty are at historic lows. “I believe that we need to acknowledge these achievements in order to carry this progress forward,” Obama said.","“In order to move forward, though, we do have to acknowledge that the existing path to global integration requires a course correction.”

The president said those who trumpet the benefit of globalization have ignored inequalities in their countries and “the enduring appeal of ethnic and sectarian identities.” Obama added that many government institutions around the world have been unfit to handle the changes globalization has brought….."
"Just 5.7 percent of the Clinton Foundation’s massive 2014 budget actually went to charitable grants. The rest went to salaries and employee benefits, fundraising and “other expenses” The Clinton Foundation spent a hair under $91.3 million in 2014. Despite taking in an additional $30 million, the foundation spent 40 percent less on charitable grants in 2014 than in 2013.","Another $50.4 million was marked as “other expenses,” while the remaining almost $851K was marked as “professional fundraising expenses.” Despite taking in an additional $30 million in 2014, the Clinton Foundation spent 40 percent less on charitable grants in 2014 than in 2013."
"On September 15, Hillary “apparently” held a rally in the Old Student Recreational Center at the University of North Carolina in Greensboro, NC. This was her first public appearance since she convulsed and had to be lifted into her van following the 9-11 memorial in NYC. Hillary’s campaign was quick to blame the heat until they discovered conservative websites were able to quickly access the weather and determine that it was a balmy 74 degrees in NYC!","Here is the first video of Hillary’s Greensboro, NC rally that was causing viewers to ask “what the heck are those cameras in Hillary’s ‘audience’ pointing at?” If you look closely, it sure isn’t Hillary!"
"Frida Ghitis: Hillary Clinton has proven, yet again, that she can’t be trusted. She says Clinton puts her own personal political ambition and lust for power above all else – including the best interests of the nation and even her own life.","Mrs. Clinton’s “mild cold,” er, “seasonal allergies,” I mean “heat exhaustion,” that is to say “minor case of pneumonia” is, evidently, of the rare kind that requires a permanent traveling physician and a “mystery man” who rushes to her side whenever she has one of her frequent and uncontrollable “episodes” (or otherwise freezes up with a brain “short-circuit” during a speech)."
"Olympic Committee Buckles to LGBT Groups... Makes 2018 Games Completely Unfair. There's been a major change to the 2018 Winter Olympics, courtesy of the International Olympic Committee.","Olympic Committee Buckles to LGBT Groups... Makes 2018 Games Completely Unfair There's been a major change to the 2018 Winter Olympics, courtesy of the International Olympic Committee... and it shows just how pervasive the LGBT agenda has become."
President Obama made a real fool out of himself during what was supposed to be his final address to the U.N. Assembly. During it he basically said that we have no chance in defeating ISIS and other Islamic extremist groups in Syria and otherwise.,"He mentioned briefly that there will be a military aspect to dealing with the Islamic State group he also categorized Syria as ""a place like Syria, where there’s no ultimate military victory to be won."""
"Defense Intelligence documents reveal that the rise of ISIS had been predicated by both the CIA and DIA, as far back as 2012. The documents also predicted that the support given by the West, Turkey and the Persian Gulf Arab states to the Takfiri militants would eventually lead to the establishment of a Salafist Principality.","According to investigative reporter Nafeez Ahmed, the ""leaked document reveals that in coordination with the Gulf states and Turkey, the West intentionally sponsored violent Islamist groups to destabilize Assad, despite anticipating that doing so could lead to the emergence of an ‘Islamic State’ in Iraq and Syria.”

Obviously Obama’s dismissal of ISIS being nothing more than a “JV” team and his apparent miscalculations in not keeping a residual force in place in Iraq, seems to be (as the documents indicate), considerably more sinister than first assumed, in that not leaving a contingency force behind was viewed by most Middle Eastern experts to have been a simple yet costly a tactical error."
"EagleRising.com writer says the real Hillary Clinton is unlikely to run for president. The real Hillary has health issues that prevent her from campaigning, he says. It is possible that if she wins the election, it will be her double that participates in the inauguration, he writes.","Since the real Hillary Clinton obviously has such bad health issues that practically prevents her from even campaigning, we must assume that her clone stand in will do most of the appearances she is scheduled to do before the election, aside from those Bill Clinton will do himself."
"Rumors have surfaced that Hillary Clinton may be having a nervous breakdown. Shortly after this event, she canceled her posh fundraiser in North Carolina scheduled for the same day, mere minutes down the road from where she was. The Democrats have a major problem here, as Sanders remains a sock puppet for Hillary Clinton, and doesn't appear to want to be president any longer.","As for Hillary Clinton’s health, regardless of what you think about the eye movements and the potential for conspiracy theories, Clinton is ill."
"President Barack Obama came up with the idea for ISIS at Coachella. Hillary Clinton was the only person who could really help him, he says. Obama: ""I want to be the founder of a new terrorist group""","They’d laugh and say something like, “Hey, Mr. President, please don’t ever say that again publicly!” Obama felt like one of the characters trying to start a luxury denim business on the HBO show How to Make It in America."
"The man being hunted by the FBI, for example, isn’t just a Muslim, he’s an American citizen with the right to due process. With this blanket Trump statement, this man would be in a deck of cards marked “kill” and not on the most wanted list. The thought of turning our streets into a Denzel Washington movie might get you a few more votes from the daft but it isn't going to provide you with the laws you","He’s talking about Donald Trump’s version of the Patriot Act, where nobody with brown skin is safe.The man being hunted by the FBI, for example, isn’t just a Muslim, he’s an

The man being hunted by the FBI, for example, isn’t just a Muslim, he’s an American citizen with the right to due process."
"The Army has cut 80,000 soldiers out of the active force, reorganized and cut 13 brigade combat teams and three aviation brigades from the active component. Investment in modernization is down by 25%, Odierno said, sidelining ""much-needed"" infantry fighting vehicle modernization.","With the growing threat of terrorism around the world, and the increased hostilities from both the Soviet Union and North Korea, combined with a sustained and continuous policy of purging our military capabilities Army Chief of Staff Gen. Ray Odierno believes we’ve reached a dangerous and pivotal tipping point."
"The Obama administration is pushing through a radical proposal to take control of Internet domains and instead give it to an international organization, ICANN, that includes 162 foreign countries. If that proposal goes through, countries like Russia, China, and Iran could be able to censor speech on the Internet, including here in the U.S. by blocking access to sites they don't like. Congress must act before it’s too late!","Right now, the Obama administration’s proposal to give away the Internet is an extraordinary threat to our freedom and it’s one that many Americans don’t know anything about."
Clemson University has banned all Harambe references from its halls of residence. The school says Harambe's death is a form of racism and should not be displayed.,"The administrator claimed Harambe’s death has been used to “add to rape culture” and can be “form of racism.” An RA further added that any student who disobeys these instructions will be “in trouble.”

“All Harambe references are no longer allowed within our community.”

“We are no longer allowing any reference to Harambe (or any other spelling) to be displayed on doors, halls, billboards, or windows,” the instructions state."
"The National Democratic Party, a “powerful hate group,” has been engaged in an all-out effort to steal elections, by any means available. In every state there is a law governing the method and procedure for conducting elections. Only those citizens who are properly registered and eligible to vote should be allowed to do so.","The Democratic Party opposes this for a very simple reason; the party wants people who are potential Democratic Party voters – but not eligible, not registered, not even who they claim to be, or not even citizens – to vote so the party can steal the election and install the evil, tyrannical and demonic candidate, Hillary the Horrible, to become the next and last President of the soon-to-be-extinct United States of America."
The author of an op-ed piece for The Eagle-Eagle.com shares his thoughts on the current Presidential campaign. The article is titled “A Daisy of a Rerun” and includes quotes from Hillary Clinton and Michelle Obama.,"Now, another unbalanced AP report unfolded, this one detailing Ted’s “dramatic about-face that may help unite a deeply divided Republican Party.” This in addition to previous statements in which Cruz called Trump a “pathological liar” and “utterly amoral.”

As the article relates, Trump countered with his nickname of “’Lyin Ted,’ insulted his wife, and linked his father to the John F. Kennedy assassination.” These actual quotes were selected for public consumption for one reason and although highly slanted and selective, it grades out under the sanctions of fair journalistic fodder."
"According to their post-debate poll, 62% of respondents indicated that Hillary won the debate. But what CNN didn’t bother to highlight is the fact that fully only 26% of those polled were Republicans. While Independents made of 33%, Democrats comprised a whopping 41%.",First came Lester Holt’s unbelievably one-sided moderation of the debate in which he routinely press and even attacked Donald Trump’s record and answers while leaving Hillary untouched with no mention of any of the most obvious scandals.
Lynn Sweet Washington Bureau Chief for the Chicago Sun-Times made the claim on Fox News. Sweet: The Democrats are using an intimidation tactic which they are prone to use incessantly.,"Third, the hospital that issued his birth certificate in Hawaii didn’t exist when it was “issued.” Fourth, an examination of the birth certificate produced several errors that could only be attributed to falsification."
"In May of 2016, Aaron Woods, a homosexual, was the target of a truly “homophobic” attack. The victim, a 26-year-old from Eastbourne, was approached by a man who used homophobic language before being punched in the face and suffering a broken jaw.","That being said, it would make sense that the incredibly welcoming community would fit right in with Islamic followers and their “religion of peace,” right?"
"Dahir Adan, a Somali immigrant, stabbed 9 people at a Minnesota mall on Saturday night. He was shot and killed by an off-duty police officer who identified himself as an officer of the law. The Somali-American community in St. Cloud identified Adan as the terrorist.","“PRO-ISLAMIC STATE SOMALI MILITANTS HAVE GROWN IN NUMBERS AND ARE RECEIVING FINANCIAL AND MILITARY SUPPORT FROM YEMEN, A TOP INTELLIGENCE OFFICIAL TOLD THE VOA SOMALI SERVICE.”

“HE SAID ISLAMIC STATE HAS WELCOMED ITS SOMALIA BRANCH AND HAS STARTED DELIVERING SUPPLIES THROUGH THEIR AFFILIATE FACTION IN YEMEN.”

“THEY RECEIVED MILITARY SUPPLIES FROM YEMEN – WEAPONS, UNIFORM, ISIS SENT TRAINERS WHO INSPECTED THEIR BASES, AND THEY HAVE STARTED SENDING FINANCIAL SUPPORT,” HE SAID."
"The prime suspect in the New York and New Jersey bombings sued his local police force and claimed they were persecuting him for being a Muslim. Ahmad Rahami’s family owns a fried chicken restaurant in Elizabeth, NJ called First American Fried Chicken. This is also the same town where five bombs were found at a train station Monday morning.","Would you believe that the man behind Saturday’s NJ and NYC bombings once claimed to be a victim of “Islamophobia?” This was allegedly such a problem that the attacker Ahmad Khan Rahami and his father once sued the police in Elizabeth New Jersey for discrimination, and also accused other members of the community of discrimination based on religion."
"Andy Puzder is the CEO of Carl's Jr. and Hardee's. He says that if a Democrat wins, either Democrat, he will fully automate his stores.","“We could have a restaurant that’s focused on all-natural products and is much like an Eatsa, where you order on a kiosk, you pay with a credit or debit card, your order pops up, and you never see a person.” “With government driving up the cost of labor, it’s driving down the number of jobs,” he says."
"The FBI has issued a letter stating they are investigating new evidence in the case against Hillary Clinton’s use of a private e-mail server. The new evidence was discovered during an investigation into Anthony Weiner, who was caught sexting with a 15-year old girl. If any of the e-mails are work related or classified that means both Hillary and Huma Abedin lied to the FBI during their original investigation. The FBI summary also revealed a number of other questionable issues including a","Fwd: POTUS on HRC emails
From:cheryl.mills@gmail.com To: john.podesta@gmail.com Date: 2015–03–07 21:41 Subject: Fwd: POTUS on HRC emails
we need to clean this up — he has emails from her — they do not say state.gov
— — — — — Forwarded message — — — —
Begin forwarded message: *From:* Josh Schwerin <joshschwerin@gmail.com> *Date:* March 7, 2015 at 6:33:44 PM EST *To:* Jennifer Palmieri <jennifer.m.palmieri@gmail.com>, Kristina Schake < kristinakschake@gmail.com>, Nick Merrill <nmerrill@hrcoffice.com>, Jesse Ferguson <jfferg@gmail.com> *Subject:* *POTUS on HRC emails*
https://twitter.com/katherinemiller/status/574350749280432129/photo/1 Jen you probably have more on this but it looks like POTUS just said he found out HRC was using her personal email when he saw it in the news."
"Merkel has been the biggest proponent of bringing in as many Syrian refugees as possible, adopting a literal open borders policy. This quickly turned into a horror show, as crime was unleashed onto German cities, with thousands of sexual assaults and other violent crimes reported over the last year. The German people had apparently had enough of this rampant crime in Germany, because they just dealt a crushing blow to Merkel’s conservative Democrat party and voted them out by a large margin.","Merkel then took to the stage to backtrack as much as she could, citing that the migrant crisis could have been avoided, and that she regrets the mistake she made, also referring to multiculturalism as a “living lie.”

According to the Daily Mail,

Speaking to the party faithful at its annual conference, she repeated her catchphrase from throughout the migrant crisis, ‘we can do this’, but effectively admitted Germany could only cope if she wrestled back control of the influx."
"The terrorist who planted and detonated a number of explosives in New Jersey and New York City will be receiving better care than our own veterans who’ve fought to protect ourselves from men like him. Trump pointed out this sick truth at a campaign speech he gave today. “He will be taken care of by some of the best doctors in the world,” said Trump.",We can provide state of the art medical care to a man who tried to slaughter innocent Americans – don’t you think it’s time the government gets its act together and starts providing it to those returning from the battlefield?
"Jason Falconer, the NRA-certified firearms instructor and off-duty police officer, who shot the ISIS terrorist who stabbed eight people in St. Cloud, Minnesota, is someone that Hillary Clinton wants to put out of business. Falconer owns Tactical Advantage Firearms Training, Inc. which is one of those businesses that Clinton just despises… because it has to do with guns and is a protector and promoter of our Second Amendment rights.","Falconer is the president and owner of Tactical Advantage, LLC and Tactical Advantage Firearms Training, Inc. His business interests all revolve around training law-abiding citizens to carry concealed firearms for self-defense to protect themselves and loved ones from criminal predators (and apparently terrorists)."
"More than 40% of registered voters now believe that Clinton is in either “below average” or “very poor” health, according to the survey of 1,501 people taken between September 12 and 13. That’s a sharp departure from another Morning Consult poll taken just at the end of August, when only 26% of respondents thought her health was subpar.",I can’t see Hillary as a hard drug user but lately I have grown suspicious of Hillary’s health.
Website is Down For Maintenance. Website is Down for Maintenance. Visit our website for more information on how to get back up and running again.,Website is Down For Maintenance
"Dolly, who was just 11 when she first met Bill, has written a book about her relationship with him. The book, Hillary: The Other Woman, is published by Simon & Schuster and is out now.","Dolly Kyle – who was just 11 when she first crossed paths with Bill, dated him through high school and began sleeping with him once they graduated – published the claims about the Clinton couple’s racial epithets and politics in her new book, Hillary: The Other Woman, published by WND Books."
"A judge in Massachusetts has ruled a special law into play for black males. This ruling came from Supreme Court, therefore… it stands as is without appeal. The citizens of MA now in more danger because of it.","Now, it’s not important to get evidence when it’s fresh, because it could hurt a thug’s feelings."
"Bernard Sansaricq, former president of the Haitian Senate, issued a blistering statement condemning the Clinton Foundation. His statement has been posted at Donald Trump’s campaign website.","0 SHARES Facebook Twitter

Bernard Sansaricq, former president of the Haitian Senate, issued a blistering statement condemning the Clinton Foundation, which has been posted at Donald Trump’s campaign website."
German Chancellor Angela Merkel finally admitted to the press that if she could go back in time to change her stance on her open migrant policy she would. She is also admitting she is willing to consider a new policy direction. Merkel took responsibility for the poor election results after finding out the results.,"Merkel told the media at a press conference,

“If I knew what change in refugee policy the people in Germany want, I would be prepared to consider it.”

These comments came shortly after the defeat of the Christian Democratic Union in Berlin’s Sunday elections."
"Muslim asylum seeker, Abdullah, in Sundsvall, Sweden is a bastard! Abdullah is well-known by police for his multiple convictions of violent crimes, assaults and molestations. His most recent crime wasn’t to any stranger this time it was to his wife.","Just in case there was any doubt as to the proper interpretation of “beat them,” the Islamic prophet Muhammad modeled it literally, telling a visibly battered woman to return to her husband and fulfill his sexual desires and later striking his favorite wife in the chest."
Pennsylvania Republicans are trying to jam a bill through the statehouse that would allow voter intimidation on Election Day. House Bill 29 would give outsiders the ability to watch the polls in districts in which they do not reside and would give them the power to challenge voters.,"The only way we can lose, in my opinion – I really mean this, Pennsylvania – is if cheating goes on.”

Trump even has a place on his website where his supporters can sign up to be poll watchers to “Stop Crooked Hillary From Rigging This Election!”

In response to Trump’s claim that the election will be rigged against him, Pennsylvania Republicans have tacked an amendment on the bill that would make it go into effect immediately if it is passed and signed by the governor."
Olympian fencer Ibtihaj Muhammad is the first American to compete in an Olympic games wearing a Hijab. She has some nasty things to say about the country she’s representing.,"It’s ridiculous and we as a country have to change and I feel like this is our moment.”

How terrible – but let’s not pretend that we live in an “Islamophobic” country when the number of hate crimes against Jews is a multiple of those against Muslims."
"Charlotte riots have gone mad. The idiots there turned a “peaceful protest” into a firey loot-filled war zone all because a black cop shot a black thug with a gun. They can’t even play the race card on this one, but they’ll still wreck a town for no reason.","It’s okay with the BLM for a black thug to shoot another black man, but for a black cop to shoot one as a trained response to a threatening situation, all hell breaks loose."
President Obama appeared at his final United Nations General Assembly meeting to give his final speech as a sitting President. While there he said some absolutely ridiculous things about American freedom that will have most Americans absolutely flabbergasted.,Because President Obama appeared at his final United Nations General Assembly meeting to give his final speech as a sitting President.
"Tim Tebow was asked about Colin Kaepernick’s protest towards the National Anthem and not honoring a country who oppresses black people. Tebow is known for his religious antics, “Tebowing” celebration, and not being able to make it on another NFL team. Kaepernick should do it on his own time.","His comments about Kaepernick were as follows…

“When people have belief in something,” said Tebow, “or conviction in something, trying to stand for that is a good thing, and it’s all about standing for it the right way.’

Keyword is “STANDING” which Kaepernick should do considering he earns millions for not being a starter on the 49ers."
"Eight Syrian nationals attempted to illegally enter the United States from Mexico on Monday. The entire nation of Mexico is essentially run by drug cartels, and they’ve racked up a death toll that would make ISIS envious. The Syrians were intercepted at the Juarez Lincoln Bridge in Laredo, Texas.","Border Patrol Agent Hector Garza, acting in his role as president of the National Border Patrol Council, Local 2455 said on Fox News earlier this month that “Eight out of ten people that are caught entering our country illegally are not deported and are allowed to stay in the United States,” Garza explained."
Haitians in the audience have some newsworthy things to say about their experiences. Too bad The Media (D) didn't stick around to hear it.,Lots of the money sent to ‘Help” Haiti didn’t ever reach the poor people.
"A new poll has found that 49 percent of Australians support a ban on Muslim immigration. This is a huge jump from last October when only 28 percent backed the idea. The top reasons for wanting a ban were fears over terrorism, and a belief that Muslim migrants do not integrate nor share Australian values.","“Floored” by the results, the pollster laments that the “basket of deplorables”, who he previously thought were just a “marginalised rump, out of step with the views of modern, mainstream, cosmopolitan Australia”, is too big to ignore."
Buzzfeed has deemed that our description of the crime and the victims is false. We have utterly debunked Buzzfeed’s claims. You can view our followup article here.,"If you see two people about to fight and they’re in the street, then the good people will make sure that the people fighting aren’t getting hit by a car."
"Police in Luna County, New Mexico, pulled over an undocumented Middle Eastern woman with the plans for a nearby gas pipeline. The FBI’s Joint Terrorism Task Force was deployed with the U.S. Border Patrol to investigate the area. The search came up empty.","The pipeline identified in the Muslim woman’s plans is fairly remote, leading many to assume that the woman was scouting out potential targets for future terror attacks and did not have immediate intentions to launch an attack."
"According to their post-debate poll, 62% of respondents indicated that Hillary won the debate. But what CNN didn’t bother to highlight is the fact that fully only 26% of those polled were Republicans. While Independents made of 33%, Democrats comprised a whopping 41%.",First came Lester Holt’s unbelievably one-sided moderation of the debate in which he routinely press and even attacked Donald Trump’s record and answers while leaving Hillary untouched with no mention of any of the most obvious scandals.
"Seahawks Quarterback Russell Wilson has never shied away from sharing his love for God and his fellow man. Off the field, he sets his focus on helping others to find the joy and peace that he feels himself through good choices and having hope and faith in God.","We have far too many people in high places, who may have at one time in life had good intentions and faith in God to do good things in their life."
Pope Francis said that spreading rumors is a form of terrorism. Fox News has been promoting fear for so long that they have become the terrorists. Americans are more afraid today than they have been in years.,"“This is even more true for journalists because their voice can reach everyone and this is a very powerful weapon.” Source: Reuters

Now, to be fair, Pope Francis was in Italy and he was talking to Italy’s press, which has its own problems with nationalism, but I’m sure he was hoping his words would hop the pond."
CNN news has claimed through polling that Hillary Clinton was the undefinable winner of the first general election debate. Snap polls show Donald Trump as the debate night winner. The CNN snap poll showed Clinton at 62 percent and Trump at 27 percent.,Despite Clinton’s win in that poll the poll had mixed results as to whether or not the debate would make a difference in their voting.
"According to focus groups at both Fox News and CNN, Democratic presidential nominee Hillary Clinton handily defeated Republican Donald Trump in Monday’s presidential debate. At CNN, the focus group went 18-2 in favor of Clinton. At Fox, pollster Frank Luntz’S group went 16-6.","According to focus groups at both Fox News and CNN, Democratic presidential nominee Hillary Clinton handily defeated Republican Donald Trump in Monday’s presidential debate."
"Eyewitnesses say a civilian was shot in the head and critically injured during protests in Charlotte, North Carolina. The police initially said that the shooter was also a civilian, but a number of eyewitness reports seem to indicate that the police are lying – and that the shot came from law enforcement.","It was so loud it shook my tripod and all of my equipment.’

CNN reports, “Police say the person was shot by a civilian.”

The City of Charlotte began spinning the protester’s grave injuries immediately on Twitter:

ALERT: Fatal shot uptown was civilian on civilian."
An ABC News investigation has found that Donald Trump has “numerous ties” to Russian interests both here in the United States and in Russia. Trump has reaped huge profits off his business deals with Russian oligarchs that stretch from hosting the 2013 Miss Universe contest in Moscow to selling Trump-branded real estate to “large numbers” of Russian buyers. The oligarchs of Russia made their fortunes by making deals to acquire huge numbers of shares in the state-owned companies of,"Trump has reaped huge profits off his business deals with Russian oligarchs that stretch from hosting the 2013 Miss Universe contest in Moscow and selling Trump-branded real estate to “large numbers” of Russian buyers – so many that the Sunny and Hollywood Islands in Florida became known as “Little Moscow.”

The oligarchs of Russia made their fortunes by making deals to acquire huge numbers of shares in the state-owned companies of the former Soviet Union as the country shifted to a free-market economy, turning them into billionaires overnight."
"Ahmad Khan Rahami filed the lawsuit against cops in Elizabeth, N.J., where he was residing before he planted bombs in the Chelsea neighborhood of Manhattan. He claimed police were persecuting him for being a Muslim and subjecting him and his family to “selective enforcement” based on Islam.","Rahami worked at a chicken restaurant called First American, owned by his family, who claimed the police tried to shut it down early each night with “baseless” tickets, and that locals said: “Muslims don’t belong here.” Rahami brought the suit along with his father Mohammad Sr. and his brother Mohammad."
"New Jersey's top state legislators are now looking into filing articles of impeachment against Chris Christie if he is found guilty of having orchestrated the closing of the George Washington Bridge in order to punish a political rival. The decision on impeachment will be up to Democratic Speaker Vincent Prieto and if he gives the go-ahead, the Assembly Judiciary Committee would begin the process. If it passes the Democrat-controlled body, the trial would be in the Senate, where two-thirds of senators would be needed","Just four days ago, federal prosecutors pointed the finger at Christie at the start of a federal trial involving three senior aides to the Governor, accusing Christie of being deeply involved in the political retribution plot to shut down the George Washington Bridge to New York City, which resulted in the death of one person in an ambulance as enormous traffic jams stranded hundreds of thousands of motorists on one of the world’s busiest bridges."
"Donald Trump lied in a deposition about lobbying Florida Governor Jeb Bush for casino gambling. Trump said he never lobbied Bush for gambling because “he would’ve gotten it, if I wanted it.” Trump’s penchant for turning the truth upside down is not only a disastrous character flaw, but a mortal danger to our national safety.","11.3k SHARES SHARE THIS STORY

During a Republican primary debate in September 2015, now-Republican nominee Donald Trump said that he never lobbied Florida Governor Jeb Bush for casino gambling because “he would’ve gotten it, if I wanted it.” But if that is true, then Donald Trump committed yet another yet another felonious offense by the racist mogul – this time for for lying under oath in a civil court deposition, which is perjury, as Newsweek reports:

One of these stories is a lie—a detailed, self-serving fabrication."
"The US Surgeon General, Vivek Murthy, warned that drinking when Donald Trump lied could result in alcohol poisoning. Trump accumulated 87 lies over a five-day period, according to Politico's ""rigorous fact-checking""","Yes, in 5-day period Donald Trump lied 87 times, according to Politico's ""rigorous fact-checking"" which involved statements made by both Trump and Clinton."
"The #TrumpWon hashtag originated in St. Petersberg, Russia, where dictator Vladimir Putin is known to house his army of paid cyber-trolls and bloggers. It’s a classic disinformation campaign working to sow discord and provoke conflict.","— Donald J. Trump (@realDonaldTrump) September 27, 2016

What’s curious about that is not that it was trending but where it originated from – which will come as quite a surprise:

Data is from Trendsmap.com

That’s right- the #TrumpWon hashtag originated in St. Petersberg, Russia, where dictator Vladimir Putin is known to house his army of hundreds of paid cyber-trolls and bloggers, who work overtime to advance Putin’s agenda as part of a strategy known as dezinformatsiya."
"The U.S. Department of Labor filed suit charging that Palantir Technologies, the Palo Alto technology company controlled by Republican businessman Peter Thiel, systematically discriminated against Asian job applicants in the company’s hiring process. Thiel was a PayPal co-founder and early Facebook investor, but remained relatively unknown outside of tech circles until earlier this year.","I’m proud to be gay, I’m proud to be a Republican,” after a lengthy rant against “government incompetence.” He became the first ever openly gay speaker at the RNC to acknowledge his sexual orientation on the dais, and only the second speaker to be openly gay period."
Note In Arabic Found With NYC Bomb… Call Says There Will Be More Bombings. Police have found some very disturbing leads in the Chelsea bombing this last Saturday. The greatest suspicion is Muslim extremists who are claiming credit for the terror that injured dozens.,"There will be more.”

Lead #3 – A Tumblr page called ‘I’m the NY Bomber’ that claims to be the “manifesto” of the bomber responsible for the explosion that rocked New York City Saturday night."
"Donald Trump has been running full-steam now for months. He’s constantly on the campaign trail, under the hot lights of the cameras with little time for rest. This could be the end of the line for the Trump train.","Sunday night, less than 24 hours before he’s set to walk into the hall to get ready for the most important night of his life, Donald Trump is showing signs that he’s simply taken this thing too far and gone off the deep end."
"In Delaware, Ohio, Clinton was supposed to have a door-knocking event at 1 pm in the afternoon. One guy, who was documenting it for Donald Trump, showed up. He was it. No one came at all… when the staffers finally figured out who he was, they had him leave.","From Gateway Pundit:

At Hillary Clinton’s Ohio campaign headquarters, volunteers were supposed to show up in droves to knock on doors for the Democratic presidential nominee."
CNN edited out Hillary Clinton's own description of the Chelsea bombing as a 'bombing' Donald Trump called the network 'disgraceful' and 'dishonest',"“I think we’re going to see a big change over the last couple of days, I think this is something that will happen more and more all over the country.” He explained that “because we’ve been weak, out country’s been weak, we’re letting people in by the thousands and the tens of thousands, and as I’ve been saying you’ve got to stop it.”

."
"Ahmad Rahami reported in a lawsuit that cops in Elizabeth, New Jersey were subjecting his family to discrimination because of their culture. Ironically, he was arrested for planting bombs around the Tri-state area. The family complained of receiving many tickets and court summons which had no grounds according to them.",I’m wondering if anyone else can believe that Ahmad went off the reservation because he felt like he was being targeted for being a Muslim or if it’s more believable that Ahmad is a Muslim who happens to be an extremist and he’s been planning this for some time.
"Just 5.7 percent of the Clinton Foundation’s massive 2014 budget actually went to charitable grants. The rest went to salaries and employee benefits, fundraising and “other expenses” The Clinton Foundation spent a hair under $91.3 million in 2014. Despite taking in an additional $30 million, the foundation spent 40 percent less on charitable grants in 2014 than in 2013.","Another $50.4 million was marked as “other expenses,” while the remaining almost $851K was marked as “professional fundraising expenses.” Despite taking in an additional $30 million in 2014, the Clinton Foundation spent 40 percent less on charitable grants in 2014 than in 2013."
"President Obama made a speech in New York about the bombings that took place over the weekend. He ignored the bombings in favor of speaking at a high-dollar fundraiser. In lieu of addressing the domestic terror that had just occurred, he lamented the “sexism” he says has been pushed by the likes of Rush Limbaugh and Fox News.","Critics will say that he didn’t have enough information to make an informed statement at the time, but you don’t have to know every single detail to say “an explosion has taken place here in New York and I would like to take a moment to recognize the people injured and offer them my thoughts and prayers, and would ask you guys to do the same."
"A new report suggests that the Clinton Foundation is in even more trouble than previously thought. According to the Daily Caller, the foundation, AIDS program distributed “watered down” drugs to third-world countries. The possibility that CHAI distributed adulterated and diluted AIDS drugs to Third World victims could shake the foundations of the Clinton charity.","From The Daily Caller:

Former President Bill Clinton and his Clinton Health Access Initiative (CHAI) distributed “watered-down” HIV/AIDs drugs to patients in sub-Saharan Africa, and “likely increased” the risks of morbidity and mortality, according to a draft congressional report obtained by The Daily Caller News Foundation."
"Arizona state legislature needs some remedial courses on how to word their bills so that they don’t end up with laws that unintentionally ban perfectly normal parenting activities. The specific law criminalizes ANY contact between an adult and a child’s genitals, so if you’ve changed his/her diaper, or given him/her a bath, you're a felon.","The specific law criminalizes ANY contact between an adult and a child’s genitals, so if you’re a parent of a child and you’ve changed his/her diaper, or given him/her a bath, you’re a felon."
Hillary Clinton has some roles for the President and First Lady after her coronation election. What exactly is First Lady Michelle Obama’s legacy? Trying to force our growing children to eat like anorexic bunnies and having scientific evaluations prove that her school lunch program is a bunch of crap?,"If you doubt that, read this tweet:

× 101 Things All Young Adults Should Know by Sir John Hawkins John Hawkins's book 101 Things All Young Adults Should Know is filled with lessons that newly minted adults need in order to get the most out of life."
"Former President Bill Clinton and his Clinton Health Access Initiative (CHAI) distributed “watered-down” HIV/AIDs drugs to patients in sub-Saharan Africa, according to a draft congressional report. The report focused on Clinton’s decade-long relationship with a controversial Indian drug manufacturer called Ranbaxy, which CHAI used as one of its main distributors of HIV/AIDS drugs to Third World countries. It is unclear at this juncture how many AIDS patients","From The Daily Caller:

Former President Bill Clinton and his Clinton Health Access Initiative (CHAI) distributed “watered-down” HIV/AIDs drugs to patients in sub-Saharan Africa, and “likely increased” the risks of morbidity and mortality, according to a draft congressional report obtained by The Daily Caller News Foundation."
Judge Richard Leon is fed up with the State Department foot-dragging in releasing the documents. He ordered the department to release one third of the 400 documents by Sept. 26th and the rest of them by Oct. 10th. The Daily Caller News Foundation filed a FOIA lawsuit to get these people to produce mountains of documents. Will they see them before the election? I wouldn’t hold my breath.,Judge Richard Leon ruled Tuesday in favor of The Daily Caller News Foundation by rejecting the State Department’s motion to dismiss TheDCNF’s Freedom of Information Act lawsuit concerning production of the documents originally sought under the Freedom of Information Act.
"Lester Holt, the moderator for the first presidential debate, will not be fact checking the candidates. This, of course, will allow Trump to say anything he pleases without being held accountable – except by Hillary Clinton.","But to make matters worse, all cable news networks (including those critical of Trump) are pledging to be completely spineless, and will not offer any on-screen fact checks to any comments made by the candidates that are wrong:

While on-screen fact-checking could help expose inaccurate or misleading assertions without interrupting the flow of the debate, nearly all of the major cable or broadcast networks, including Univision and Telemundo, said that they would not use any sort on screen fact check or graphics …."
"Dolly Kyle, author of “Hillary the Other Woman,” said Clinton has been “’cruisin�’ for a bruisin’” because she’s so angry and driven by rage. Kyle, an award-winning lawyer, also said Clinton is showing evidence of emotional instability, memory loss and difficulty carrying out tasks.","Dolly Kyle, author of “Hillary the Other Woman,” said Clinton has been “’cruisin’ for a bruisin’,” because she’s so angry and driven by rage."
Quebec City Mayor Jean-Francois Lisee said that Muslims must adapt to Canada. He said that if they want to stick with their own programs then they should have stayed put in their countries of origin.,"While most Americans are perplexed as to how a foreign entity could trump American law on our own sovereign soil, Texas isn’t waiting for the courts to intervene on the issue, but rather pass immediate legislation baring any attempt to institute Sharia law within the American Judicial System

Because Muslims cannot eat a particular meal, should mean they should bring their own."
"A random white guy was driving through the riots taking place in North Carolina when he was surrounded by the protesters/rioters. When his car was surrounded, he calmly rolled down his window and let the protesters know that he had a handgun. The group quickly dispersed and letting the man continue driving to his destination.",× 101 Things All Young Adults Should Know by Sir John Hawkins John Hawkins's book 101 Things All Young Adults Should Know is filled with lessons that newly minted adults need in order to get the most out of life.
"The same Chicago environmentalists who blocked George Lucas from building a museum last month are now welcoming the nearby Obama presidential library. The Obama center requires bulldozing trees and grass at Jackson Park. Meanwhile, the proposed Lucas museum would have been built on a parking lot used by Chicago Bears fans for tailgating.","Juanita Irizarry, executive director of Friends of the Parks, said Friday that her group is “thrilled” to see Obama Presidential Center being built in a park on Chicago’s South Side."
"Former U.S. Military Commander in Afghanistan, Stanley McChrystal, was called into the Oval Office by Barack Obama. He knew things weren’t going to go well when the President accused him of not supporting him in his political role as President. “I bet when I die you’ll be happy to pee on my grave,” Obama said.","“It’s not my job to support you as a politician, Mr. President, it’s my job to support you as Commander-in-Chief,” McChrystal replied, and he handed Obama his resignation."
"At least 70% of the rioters in Charlotte, North Carolina were bused in. They had out of state IDs. The head of the police union there came right out and said these were professional criminals that were brought in.","Generally speaking when there’s a riot like this, it’s all from people who are from the community, care about their community, and know what they’re even rioting about in the first place."
"Hillary Clinton’s health is the top issue in the Presidential campaign. Expert Clif Hite believes Hillary has died, and is replaced by multiple body doubles and CGI images. If true, this is the biggest coverup in the history of American politics.","Now, expert Clif Hite (below) comes up with the most compelling theory about Hillary Clinton’s health yet, and you haven’t heard it before."
"Common Defense PAC is funded by George Soros. The PAC has no contact information for any of its members. The group’s Director, Perry O’Brien has been a longtime left-wing activist. Common Defense PAC has only one donor.","MoveOn.org and Common Defense PAC worked together on a live protest to pressure John McCain to “un-endorse Donald J. Trump.” ThinkProgress reported on August 4th that veterans “came to the Capitol to deliver McCain a petition, organized by progressive group MoveOn.org in conjunction with veterans group Common Defense PAC, calling for him to revoke his support for the Republican presidential nominee.”

Common sense PAC’s July quarterly filing report with the FEC lists ONLY one donor: a Baltimore IT consultant named Marjorie Roswell who gave $20,000 on June 30th."
"CBS exposing Obama paying for the renovation of mosques is actually a story from 2015. He’s diverting hundreds of millions of US dollars to overseas mosques to renovate them. “We are spending money we don’t have. This is all on a gigantic credit card right now,” said taxpayer advocate.",A CBS news investigation found that the Obama State Department is sending hundreds of millions of dollars to save mosques overseas — outraging taxpayer advocates and raising enormous questions about aid to potentially terror-supporting groups with U.S. foreign aid.
"The U.S. Marine Corps has put up a series of billboards warning terrorists that they will not be intimidated. The message is clear: If you are not afraid of the Marines, you should not be afraid of them.","And it surely will make terrorists think twice before taking on the United States Marine Corps:

× 101 Things All Young Adults Should Know by Sir John Hawkins John Hawkins's book 101 Things All Young Adults Should Know is filled with lessons that newly minted adults need in order to get the most out of life."
"Charlotte, North Carolina officials made a huge announcement that will have people thinking twice before they start protesting again. Any people caught rioting, looting, destroying property or otherwise being violent in any unlawful manner will have their government benefits permanently revoked. Any minor children who participate in the violence will face the same repercussions… and so will their parents.","Make them aware that participation in looting, destruction of property and violently demonstrating on any level will come with severe penalties.”

× 101 Things All Young Adults Should Know by Sir John Hawkins John Hawkins's book 101 Things All Young Adults Should Know is filled with lessons that newly minted adults need in order to get the most out of life."
"The House Judiciary Committee has scheduled a hearing for September 28th that will decide FBI Director James Comey’s fate. Comey gave immunity to all of Hillary's top aides, including Chief of Staff Cheryl Mills, even though Mills had refused to cooperate with the FBI throughout the investigation and allegedly refused to give investigators her computer for examination. Former U.S. Attorney Joseph DiGenova has loudly called for Comey to resign and when that did not happen, demanded that he lose his job.","BREAKING: Steps to FORCE FBI Director Comey to Resign In Process – Hearing Decides His Fate Sept 28

The FBI investigation of the Hillary Clinton e-mail scandal, where they acknowledged criminal activity yet refused to charge her anyway, has ignited a firestorm of criticism… and it looks like FBI Director James Comey might be the first casualty when heads start to roll."
"The majority of the 9/11 terrorists came from Saudi Arabia, as does the Bin Laden family. The Kingdom of Saudi Arabia has funded 20% of Hillary Clinton’s campaign. You do not consort or take money from those who intend to destroy your country… period.","Western women have also been reported to be among the victims in keeping with the Islamic State’s practice of enslaving kafir women: The Islamic State’s human trafficking operation includes enslaving women who they consider to be ‘kafir’, non-Muslim people like Yazidis and Christians, before selling them for money."
"The first presidential debate between Hillary Clinton and Donald Trump was full of fiery exchanges. The moderator for the debate, Lester Holt, repeatedly interrupted Trump to ‘fact-check’ him. In one of the more contentious exchanges, Holt insisted that Trump had supported the Iraq War.","Advertisement - story continues below

Rather than ask Clinton why she voted for the war, Holt continued to press Trump, saying that in an interview with Fox News’ Neil Cavuto, Trump expressed his support for the war."
"Breitbart obtained a 1991 promotional booklet produced in 1991 by Barack Obama’s then-literary agency, Acton & Dystel. The booklet touts Obama as “born in Kenya and raised in Indonesia and Hawaii.” The booklet, which was distributed to “business colleagues” in the publishing industry, includes a brief biography of Obama.","Here’s the quote:

Breitbart News has obtained a promotional booklet produced in 1991 by Barack Obama’s then-literary agency, Acton & Dystel, which touts Obama as “born in Kenya and raised in Indonesia and Hawaii.” The booklet, which was distributed to “business colleagues” in the publishing industry, includes a brief biography of Obama among the biographies of eighty-nine other authors represented by Acton & Dystel."
Hillary Clinton didn’t cough or reach for water during last night’s debate. A Twitter user might have an answer. Do you see it?,"I think we all know why #TrumpWon pic.twitter.com/nwZRxvkX81 — USA For Trump 2016 (@USAforTrump2016) September 27, 2016

This wouldn’t be the first time Hillary had to use a device for help."
"Hillary Clinton’s campaign is fervently denying that she was wearing an earpiece. Could it be a trick of light and shadows? A puffy zipper, perhaps? Or was Hillary actually hiding a “Cough prevention machine” in her hideous feminist pantsuit? We’ll let you be the judge.","Buy Now

Fox News reported that “Clinton spokesman Nick Merrill said what is seen in the photo is merely a reflection of the TV lights or a flash.”

While we aren’t sure what was going on inside Hillary’s little head last night, we do have a very interesting email posted by Woods from Clinton and Huma Abedin that the WikiLeaks archive released, “Did u take your earpiece or do I need to get it?”

Woods had a hidden sense of humor that escaped him on twitter…“She can’t even #lie without help from a gaggle of other #liars through an earpiece.”

Then Woods added:

“She literally can’t help herself."
